{
  "project_info": {
    "project_number": "681264869343",
    "firebase_url": "https://gain-app-fd206.firebaseio.com",
    "project_id": "gain-app-fd206",
    "storage_bucket": "gain-app-fd206.appspot.com"
  },
  "client": [
    {
      "client_info": {
        "mobilesdk_app_id": "1:681264869343:android:ee61e347d21391039f1e6a",
        "android_client_info": {
          "package_name": "com.example.gainapp"
        }
      },
      "oauth_client": [
        {
          "client_id": "681264869343-9mq8tssktj443a1qhi7jch14s9sim8g0.apps.googleusercontent.com",
          "client_type": 3
        }
      ],
      "api_key": [
        {
          "current_key": "AIzaSyAgFcPw-u-J07hmxKZliQZd-gWcK2MrlFU"
        }
      ],
      "services": {
        "appinvite_service": {
          "other_platform_oauth_client": [
            {
              "client_id": "681264869343-9mq8tssktj443a1qhi7jch14s9sim8g0.apps.googleusercontent.com",
              "client_type": 3
            }
          ]
        }
      }
    }
  ],
  "configuration_version": "1"
}